Workbook
Name _Excel_BuiltIn__FilterDatabase_1_1_1 1: #REF!
Name _Excel_BuiltIn__FilterDatabase_1_1_1_1_1 1: #REF!
Name _Excel_BuiltIn__FilterDatabase_2_1 1: #REF!
Name _Excel_BuiltIn__FilterDatabase_3_1_1 1: #REF!
Name _Excel_BuiltIn__FilterDatabase_3_1_1_1 1: #REF!
Name _Excel_BuiltIn__FilterDatabase_4 1: #REF!
Name _Excel_BuiltIn__FilterDatabase_5 1: #REF!
Name _Excel_BuiltIn__FilterDatabase_5_1 1: #REF!
Name _Excel_BuiltIn__FilterDatabase_6 1: #REF!
Name COL_STAV_SKLADU: '04.02 - 10.02'!$O$6
Name Excel_BuiltIn__FilterDatabase_1: #REF!
Name Excel_BuiltIn__FilterDatabase_1_1: #REF!
Name Excel_BuiltIn__FilterDatabase_1_1_1: #REF!
Name Excel_BuiltIn__FilterDatabase_1_1_1_1: #REF!
Name Excel_BuiltIn__FilterDatabase_1_1_1_1_1: #REF!
Name Excel_BuiltIn__FilterDatabase_2: #REF!
Name Excel_BuiltIn__FilterDatabase_2_1: #REF!
Name Excel_BuiltIn__FilterDatabase_2_1_1: #REF!
Name Excel_BuiltIn__FilterDatabase_3_1: #REF!
Name Excel_BuiltIn__FilterDatabase_3_1_1: #REF!
Name Excel_BuiltIn__FilterDatabase_3_1_1_1: #REF!
Name Excel_BuiltIn__FilterDatabase_3_1_1_1_1: #REF!
Name Excel_BuiltIn__FilterDatabase_4: #REF!
Name Excel_BuiltIn__FilterDatabase_4_1: #REF!
Name Excel_BuiltIn__FilterDatabase_4_1_1: #REF!
Name Excel_BuiltIn__FilterDatabase_4_1_1_1: #REF!
Name Excel_BuiltIn__FilterDatabase_4_1_1_1_1: #REF!
Name Excel_BuiltIn__FilterDatabase_5: #REF!
Name Excel_BuiltIn__FilterDatabase_5_1: #REF!
Name Excel_BuiltIn__FilterDatabase_5_1_1: #REF!
Name Excel_BuiltIn__FilterDatabase_5_1_1_1: #REF!
Name Excel_BuiltIn__FilterDatabase_6: #REF!
Name Excel_BuiltIn__FilterDatabase_6_1: #REF!
Name Excel_BuiltIn__FilterDatabase_7: #REF!
Name Excel_BuiltIn__FilterDatabase_7_1: #REF!
Name Excel_BuiltIn__FilterDatabase_8: #REF!
Name Excel_BuiltIn__FilterDatabase_8_1: #REF!
Name Excel_BuiltIn_FilterDatabase: #REF!
Name Excel_BuiltIn_FilterDatabase1: #REF!
Name Excel_BuiltIn_FilterDatase_3: #REF!
Name excl01: [1]data!$A$1:$A$94
Name exclusive01: [1]data!$A$1:$A$93
Name KURZ: #REF!

Sheet 04.02 - 10.02
B1: LETÁK | U1: S:\TAMDA - MARKETING$\@REKLAMA$\News
B2: Číslo Letáku | C2: 1
E3: Začátek | F3: 46057 | S3: Hlavní téma | T3: Valentýn – sladké dárky & káva (start)
E4: Konec | F4: =F3+6 -> 46063 | N4: 40 | O4: druhotka tổng | S4: Micro téma | T4: Čokoládový týden
N5: =SUM(N7:N639) -> #VALUE! | O5: đã dùng | S5: Sezóna | T5: Zima
B6: EAN Kód | D6: Název zboží | E6: doplněk názvu / druhy | F6: gramáž / litráž | G6: EANY | H6: ACS | I6: NCS | J6: Název dodavatele | K6: Int. Kód | L6: HERO | M6: F, V, M | N6: PALETY | O6: STAV SKLADU | P6: BRNO | Q6: ÚSTÍ | R6: GIA AKCE | S6: blok | T6: Manager | U6: téma | V6: page | W6: cena od | X6: PSD_Allocation | Z6: SQL | AC6: NGUYÊN NHÂN LỖ | AM6: do not edit here
B7: 9002517105101 | C7: 8 | D7: Alvorada | E7: zrnková káva | F7: 1kg | G7: 1 | H7: 275 | I7: 267.68 | J7: SELI,spol.s r.o. | K7: 1051049 | L7: 1 | O7: 32 | P7: 1 | Q7: 1 | R7: 305 | S7: COVER PAGE | T7: PKD | U7: valentýn | V7: 1 | X7: Product_01 | Y7: =COUNTIF(K:K,K7) -> 1 | AA7: =H7-I7 -> 7.32 | AB7: =R7-H7 -> 30
B8: 4006067060977 | C8: 6 | D8: Davidoff | E8: instantí káva | F8: 90g, 100g | G8: 4 | H8: 125 | I8: 120.46 | J8: Tchibo Praha, spol. s r.o. | K8: 1040048 | L8: 1 | O8: 70 | P8: 2 | Q8: 2 | R8: 135 | S8: COVER PAGE | T8: PKD | U8: valentýn | V8: 1 | X8: Product_02 | Y8: =COUNTIF(K:K,K8) -> 1 | AA8: =H8-I8 -> 4.54 | AB8: =R8-H8 -> 10
B9: 5908243700532 | C9: 20 | D9: Lindt Lindor | E9: srdce tin | F9: 50g | G9: 1 | H9: 48.9 | I9: 47.6 | J9: Lindt & Sprüngli (Czechia) s.r.o. | K9: 2017390 | L9: 2 | O9: 182 | P9: 1 | Q9: 1 | R9: 56.9 | S9: COVER PAGE | T9: PKD | U9: valentýn | V9: 1 | X9: Product_03 | Y9: =COUNTIF(K:K,K9) -> 1 | AA9: =H9-I9 -> 1.3 | AB9: =R9-H9 -> 8
B10: 4000539398469 | C10: 6 | D10: Lindt Pralines Hochfein | E10: bonboniéra | F10: 120g | G10: 1 | H10: 145 | I10: 139.24 | J10: Lindt & Sprüngli (Czechia) s.r.o. | K10: 2015994 | L10: 1 | O10: 133 | P10: 0 | Q10: 1 | R10: 159 | S10: COVER PAGE | T10: PKD | U10: valentýn | V10: 1 | X10: Product_04 | Y10: =COUNTIF(K:K,K10) -> 1 | AA10: =H10-I10 -> 5.76 | AB10: =R10-H10 -> 14
B11: 8699462609924 | C11: 24 | D11: Lexus srdce | E11: bonboniéra | F11: 110g | G11: 2 | H11: 28.9 | I11: 27.94 | J11: VIOLET KANGAROO s.r.o. | K11: 2115158 | L11: 1 | O11: 490 | P11: 1 | Q11: 1 | R11: 31.9 | S11: COVER PAGE | T11: PKD | U11: valentýn | V11: 1 | X11: Product_05 | Y11: =COUNTIF(K:K,K11) -> 1 | AA11: =H11-I11 -> 0.96 | AB11: =R11-H11 -> 3
B12: 8699462608392 | C12: 12 | D12: Lexus | E12: bonboniéra | F12: 150g | G12: 3 | H12: 52.9 | I12: 51.46 | J12: VIOLET KANGAROO s.r.o. | K12: 2016775 | L12: 1 | O12: 200 | P12: 1 | Q12: 1 | R12: 59.9 | S12: COVER PAGE | T12: PKD | U12: valentýn | V12: 1 | X12: Product_06 | Y12: =COUNTIF(K:K,K12) -> 1 | AA12: =H12-I12 -> 1.44 | AB12: =R12-H12 -> 7
B13: 5901177153689 | C13: 6 | D13: Vobro Love and Cherry | E13: bonboniéra | F13: 300g | G13: 1 | H13: 122.9 | I13: 119.73 | J13: VÁCLAV NOVÁK TOP CUKROVINKY #KS | K13: 2013590 | L13: 1 | O13: 85 | P13: 1 | Q13: 1 | R13: 137.9 | S13: COVER PAGE | T13: PKD | U13: valentýn | V13: 1 | X13: Product_08 | Y13: =COUNTIF(K:K,K13) -> 1 | AA13: =H13-I13 -> 3.17 | AB13: =R13-H13 -> 15
S14: COVER PAGE | T14: PKD | V14: 1 | Y14: =COUNTIF(K:K,K14) -> 0 | AA14: =H14-I14 -> 0 | AB14: =R14-H14 -> 0
B15: 7622210928603 | C15: 12 | D15: Milka | E15: pralines | F15: 44g | G15: 2 | H15: 32.9 | I15: 31.67 | J15: VIMPEX DRINK Kft. #KS | K15: 2013640 | O15: 2184 | P15: 2 | Q15: 2 | R15: 37.9 | S15: HERO | T15: PKD | U15: čokoládový týden | V15: 2 | Y15: =COUNTIF(K:K,K15) -> 1 | AA15: =H15-I15 -> 1.23 | AB15: =R15-H15 -> 5
B16: 7622210594785 | C16: 10 | D16: Milka | E16: pralines | F16: 110g | G16: 4 | H16: 52.9 | I16: 51.09 | J16: VIMPEX DRINK Kft. #KS | K16: 2019100 | O16: 893 | P16: 2 | Q16: 2 | R16: 59.9 | S16: HERO | T16: PKD | U16: čokoládový týden | V16: 2 | Y16: =COUNTIF(K:K,K16) -> 1 | AA16: =H16-I16 -> 1.81 | AB16: =R16-H16 -> 7
B17: 8000500023976 | C17: 6 | D17: Raffaello | E17: T15 | F17: 150g | G17: 1 | H17: 64.9 | I17: 63.14 | J17: VIMPEX DRINK Kft. #KS | K17: 2010640 | O17: 7239 | P17: 2 | Q17: 2 | R17: 65.9 | S17: HERO | T17: PKD | U17: čokoládový týden | V17: 2 | Y17: =COUNTIF(K:K,K17) -> 1 | AA17: =H17-I17 -> 1.76 | AB17: =R17-H17 -> 1
B18: 40084084 | C18: 15 | D18: Mon Cheri | E18: T5 | F18: 52,5g | G18: 1 | H18: 26.9 | I18: 25.97 | J18: VIMPEX DRINK Kft. #KS | K18: 2014744 | O18: 3839 | P18: 2 | Q18: 2 | R18: 28.9 | S18: HERO | T18: PKD | U18: čokoládový týden | V18: 2 | Y18: =COUNTIF(K:K,K18) -> 1 | AA18: =H18-I18 -> 0.93 | AB18: =R18-H18 -> 2
B19: 4008400101521 | C19: 8 | D19: Mon Cheri | E19: T10 | F19: 105g | G19: 1 | H19: 57.9 | I19: 56.32 | J19: VIMPEX DRINK Kft. #KS | K19: 2014742 | O19: 276 | P19: 2 | Q19: 2 | R19: 65.9 | S19: HERO | T19: PKD | U19: čokoládový týden | V19: 2 | Y19: =COUNTIF(K:K,K19) -> 1 | AA19: =H19-I19 -> 1.58 | AB19: =R19-H19 -> 8
B20: 8000500192801 | C20: 8 | D20: Ferrero Rocher | E20: T8 | F20: 100g | G20: 1 | H20: 61.9 | I20: 59.63 | J20: VIMPEX DRINK Kft. #KS | K20: 2015661 | O20: 3862 | P20: 2 | Q20: 2 | R20: 69.9 | S20: HERO | T20: PKD | U20: čokoládový týden | V20: 2 | Y20: =COUNTIF(K:K,K20) -> 1 | AA20: =H20-I20 -> 2.27 | AB20: =R20-H20 -> 8
B21: 5901177158516 | C21: 14 | D21: Vobro Ego | E21: pralines | F21: od 87g - 92g | G21: všechny | H21: 39.9 | I21: 38.64 | J21: VÁCLAV NOVÁK TOP CUKROVINKY #KS | K21: 2115906 | O21: 122 | P21: 1 | Q21: 1 | R21: 44.9 | S21: HERO | T21: PKD | U21: čokoládový týden | V21: 2 | Y21: =COUNTIF(K:K,K21) -> 1 | AA21: =H21-I21 -> 1.26 | AB21: =R21-H21 -> 5
S22: HERO | T22: PKD | U22: čokoládový týden | V22: 2 | Y22: =COUNTIF(K:K,K22) -> 0 | AA22: =H22-I22 -> 0 | AB22: =R22-H22 -> 0
S23: HERO | T23: PKD | U23: čokoládový týden | V23: 2 | Y23: =COUNTIF(K:K,K23) -> 0 | AA23: =H23-I23 -> 0 | AB23: =R23-H23 -> 0
S24: HERO | T24: PKD | U24: čokoládový týden | V24: 2 | Y24: =COUNTIF(K:K,K24) -> 0 | AA24: =H24-I24 -> 0 | AB24: =R24-H24 -> 0
S25: HERO | T25: PKD | U25: čokoládový týden | V25: 2 | Y25: =COUNTIF(K:K,K25) -> 0 | AA25: =H25-I25 -> 0 | AB25: =R25-H25 -> 0
S26: HERO | T26: PKD | U26: čokoládový týden | V26: 2 | Y26: =COUNTIF(K:K,K26) -> 0 | AA26: =H26-I26 -> 0 | AB26: =R26-H26 -> 0
S27: SEZÓNNÍ BLOK | T27: PKD | V27: 3 | Y27: =COUNTIF(K:K,K27) -> 0 | AA27: =H27-I27 -> 0 | AB27: =R27-H27 -> 0
S28: SEZÓNNÍ BLOK | T28: PKD | V28: 3 | Y28: =COUNTIF(K:K,K28) -> 0 | AA28: =H28-I28 -> 0 | AB28: =R28-H28 -> 0
S29: SEZÓNNÍ BLOK | T29: PKD | V29: 3 | Y29: =COUNTIF(K:K,K29) -> 0 | AA29: =H29-I29 -> 0 | AB29: =R29-H29 -> 0
S30: SEZÓNNÍ BLOK | T30: PKD | V30: 3 | Y30: =COUNTIF(K:K,K30) -> 0 | AA30: =H30-I30 -> 0 | AB30: =R30-H30 -> 0
S31: SEZÓNNÍ BLOK | T31: PKD | V31: 3 | Y31: =COUNTIF(K:K,K31) -> 0 | AA31: =H31-I31 -> 0 | AB31: =R31-H31 -> 0
D32: cancel page 3 | S32: SEZÓNNÍ BLOK | T32: PKD | V32: 3 | Y32: =COUNTIF(K:K,K32) -> 0 | AA32: =H32-I32 -> 0 | AB32: =R32-H32 -> 0
S33: SEZÓNNÍ BLOK | T33: PKD | V33: 3 | Y33: =COUNTIF(K:K,K33) -> 0 | AA33: =H33-I33 -> 0 | AB33: =R33-H33 -> 0
S34: SEZÓNNÍ BLOK | T34: PKD | V34: 3 | Y34: =COUNTIF(K:K,K34) -> 0 | AA34: =H34-I34 -> 0 | AB34: =R34-H34 -> 0
S35: SEZÓNNÍ BLOK | T35: PKD | V35: 3 | Y35: =COUNTIF(K:K,K35) -> 0 | AA35: =H35-I35 -> 0 | AB35: =R35-H35 -> 0
S36: SEZÓNNÍ BLOK | T36: PKD | V36: 3 | Y36: =COUNTIF(K:K,K36) -> 0 | AA36: =H36-I36 -> 0 | AB36: =R36-H36 -> 0
S37: SEZÓNNÍ BLOK | T37: PKD | V37: 3 | Y37: =COUNTIF(K:K,K37) -> 0 | AA37: =H37-I37 -> 0 | AB37: =R37-H37 -> 0
S38: SEZÓNNÍ BLOK | T38: PKD | V38: 3 | Y38: =COUNTIF(K:K,K38) -> 0 | AA38: =H38-I38 -> 0 | AB38: =R38-H38 -> 0
S39: SEZÓNNÍ BLOK | T39: PKD | V39: 4 | Y39: =COUNTIF(K:K,K39) -> 0 | AA39: =H39-I39 -> 0 | AB39: =R39-H39 -> 0
S40: SEZÓNNÍ BLOK | T40: PKD | V40: 4 | Y40: =COUNTIF(K:K,K40) -> 0 | AA40: =H40-I40 -> 0 | AB40: =R40-H40 -> 0
S41: SEZÓNNÍ BLOK | T41: PKD | V41: 4 | Y41: =COUNTIF(K:K,K41) -> 0 | AA41: =H41-I41 -> 0 | AB41: =R41-H41 -> 0
S42: SEZÓNNÍ BLOK | T42: PKD | V42: 4 | Y42: =COUNTIF(K:K,K42) -> 0 | AA42: =H42-I42 -> 0 | AB42: =R42-H42 -> 0
S43: SEZÓNNÍ BLOK | T43: PKD | V43: 4 | Y43: =COUNTIF(K:K,K43) -> 0 | AA43: =H43-I43 -> 0 | AB43: =R43-H43 -> 0
D44: cancel page 4 | S44: SEZÓNNÍ BLOK | T44: PKD | V44: 4 | Y44: =COUNTIF(K:K,K44) -> 0 | AA44: =H44-I44 -> 0 | AB44: =R44-H44 -> 0
S45: SEZÓNNÍ BLOK | T45: PKD | V45: 4 | Y45: =COUNTIF(K:K,K45) -> 0 | AA45: =H45-I45 -> 0 | AB45: =R45-H45 -> 0
S46: SEZÓNNÍ BLOK | T46: PKD | V46: 4 | Y46: =COUNTIF(K:K,K46) -> 0 | AA46: =H46-I46 -> 0 | AB46: =R46-H46 -> 0
S47: SEZÓNNÍ BLOK | T47: PKD | V47: 4 | Y47: =COUNTIF(K:K,K47) -> 0 | AA47: =H47-I47 -> 0 | AB47: =R47-H47 -> 0
S48: SEZÓNNÍ BLOK | T48: PKD | V48: 4 | Y48: =COUNTIF(K:K,K48) -> 0 | AA48: =H48-I48 -> 0 | AB48: =R48-H48 -> 0
S49: SEZÓNNÍ BLOK | T49: PKD | V49: 4 | Y49: =COUNTIF(K:K,K49) -> 0 | AA49: =H49-I49 -> 0 | AB49: =R49-H49 -> 0
S50: SEZÓNNÍ BLOK | T50: PKD | V50: 4 | Y50: =COUNTIF(K:K,K50) -> 0 | AA50: =H50-I50 -> 0 | AB50: =R50-H50 -> 0
S51: SEZÓNNÍ BLOK | T51: PKD | V51: 5 | Y51: =COUNTIF(K:K,K51) -> 0 | AA51: =H51-I51 -> 0 | AB51: =R51-H51 -> 0
S52: SEZÓNNÍ BLOK | T52: PKD | V52: 5 | Y52: =COUNTIF(K:K,K52) -> 0 | AA52: =H52-I52 -> 0 | AB52: =R52-H52 -> 0
S53: SEZÓNNÍ BLOK | T53: PKD | V53: 5 | Y53: =COUNTIF(K:K,K53) -> 0 | AA53: =H53-I53 -> 0 | AB53: =R53-H53 -> 0
S54: SEZÓNNÍ BLOK | T54: PKD | V54: 5 | Y54: =COUNTIF(K:K,K54) -> 0 | AA54: =H54-I54 -> 0 | AB54: =R54-H54 -> 0
S55: SEZÓNNÍ BLOK | T55: PKD | V55: 5 | Y55: =COUNTIF(K:K,K55) -> 0 | AA55: =H55-I55 -> 0 | AB55: =R55-H55 -> 0
S56: SEZÓNNÍ BLOK | T56: PKD | V56: 5 | Y56: =COUNTIF(K:K,K56) -> 0 | AA56: =H56-I56 -> 0 | AB56: =R56-H56 -> 0
D57: cancel page 5 | S57: SEZÓNNÍ BLOK | T57: PKD | V57: 5 | Y57: =COUNTIF(K:K,K57) -> 0 | AA57: =H57-I57 -> 0 | AB57: =R57-H57 -> 0
S58: SEZÓNNÍ BLOK | T58: PKD | V58: 5 | Y58: =COUNTIF(K:K,K58) -> 0 | AA58: =H58-I58 -> 0 | AB58: =R58-H58 -> 0
S59: SEZÓNNÍ BLOK | T59: PKD | V59: 5 | Y59: =COUNTIF(K:K,K59) -> 0 | AA59: =H59-I59 -> 0 | AB59: =R59-H59 -> 0
S60: SEZÓNNÍ BLOK | T60: PKD | V60: 5 | Y60: =COUNTIF(K:K,K60) -> 0 | AA60: =H60-I60 -> 0 | AB60: =R60-H60 -> 0
S61: SEZÓNNÍ BLOK | T61: PKD | V61: 5 | Y61: =COUNTIF(K:K,K61) -> 0 | AA61: =H61-I61 -> 0 | AB61: =R61-H61 -> 0
S62: SEZÓNNÍ BLOK | T62: PKD | V62: 5 | Y62: =COUNTIF(K:K,K62) -> 0 | AA62: =H62-I62 -> 0 | AB62: =R62-H62 -> 0
S63: SEZÓNNÍ BLOK | T63: PKD | V63: 6 | Y63: =COUNTIF(K:K,K63) -> 0 | AA63: =H63-I63 -> 0 | AB63: =R63-H63 -> 0
S64: SEZÓNNÍ BLOK | T64: PKD | V64: 6 | Y64: =COUNTIF(K:K,K64) -> 0 | AA64: =H64-I64 -> 0 | AB64: =R64-H64 -> 0
S65: SEZÓNNÍ BLOK | T65: PKD | V65: 6 | Y65: =COUNTIF(K:K,K65) -> 0 | AA65: =H65-I65 -> 0 | AB65: =R65-H65 -> 0
S66: SEZÓNNÍ BLOK | T66: PKD | V66: 6 | Y66: =COUNTIF(K:K,K66) -> 0 | AA66: =H66-I66 -> 0 | AB66: =R66-H66 -> 0
S67: SEZÓNNÍ BLOK | T67: PKD | V67: 6 | Y67: =COUNTIF(K:K,K67) -> 0 | AA67: =H67-I67 -> 0 | AB67: =R67-H67 -> 0
D68: cancel page 6 | S68: SEZÓNNÍ BLOK | T68: PKD | V68: 6 | Y68: =COUNTIF(K:K,K68) -> 0 | AA68: =H68-I68 -> 0 | AB68: =R68-H68 -> 0
S69: SEZÓNNÍ BLOK | T69: PKD | V69: 6 | Y69: =COUNTIF(K:K,K69) -> 0 | AA69: =H69-I69 -> 0 | AB69: =R69-H69 -> 0
S70: SEZÓNNÍ BLOK | T70: PKD | V70: 6 | Y70: =COUNTIF(K:K,K70) -> 0 | AA70: =H70-I70 -> 0 | AB70: =R70-H70 -> 0
S71: SEZÓNNÍ BLOK | T71: PKD | V71: 6 | Y71: =COUNTIF(K:K,K71) -> 0 | AA71: =H71-I71 -> 0 | AB71: =R71-H71 -> 0
S72: SEZÓNNÍ BLOK | T72: PKD | V72: 6 | Y72: =COUNTIF(K:K,K72) -> 0 | AA72: =H72-I72 -> 0 | AB72: =R72-H72 -> 0
S73: SEZÓNNÍ BLOK | T73: PKD | V73: 6 | Y73: =COUNTIF(K:K,K73) -> 0 | AA73: =H73-I73 -> 0 | AB73: =R73-H73 -> 0
S74: SEZÓNNÍ BLOK | T74: PKD | V74: 6 | Y74: =COUNTIF(K:K,K74) -> 0 | AA74: =H74-I74 -> 0 | AB74: =R74-H74 -> 0
S75: SEZÓNNÍ BLOK | T75: PKD | V75: 7 | Y75: =COUNTIF(K:K,K75) -> 0 | AA75: =H75-I75 -> 0 | AB75: =R75-H75 -> 0
S76: SEZÓNNÍ BLOK | T76: PKD | V76: 7 | Y76: =COUNTIF(K:K,K76) -> 0 | AA76: =H76-I76 -> 0 | AB76: =R76-H76 -> 0
S77: SEZÓNNÍ BLOK | T77: PKD | V77: 7 | Y77: =COUNTIF(K:K,K77) -> 0 | AA77: =H77-I77 -> 0 | AB77: =R77-H77 -> 0
S78: SEZÓNNÍ BLOK | T78: PKD | V78: 7 | Y78: =COUNTIF(K:K,K78) -> 0 | AA78: =H78-I78 -> 0 | AB78: =R78-H78 -> 0
S79: SEZÓNNÍ BLOK | T79: PKD | V79: 7 | Y79: =COUNTIF(K:K,K79) -> 0 | AA79: =H79-I79 -> 0 | AB79: =R79-H79 -> 0
S80: SEZÓNNÍ BLOK | T80: PKD | V80: 7 | Y80: =COUNTIF(K:K,K80) -> 0 | AA80: =H80-I80 -> 0 | AB80: =R80-H80 -> 0
D81: cancel page 7 | S81: SEZÓNNÍ BLOK | T81: PKD | V81: 7 | Y81: =COUNTIF(K:K,K81) -> 0 | AA81: =H81-I81 -> 0 | AB81: =R81-H81 -> 0
S82: SEZÓNNÍ BLOK | T82: PKD | V82: 7 | Y82: =COUNTIF(K:K,K82) -> 0 | AA82: =H82-I82 -> 0 | AB82: =R82-H82 -> 0
S83: SEZÓNNÍ BLOK | T83: PKD | V83: 7 | Y83: =COUNTIF(K:K,K83) -> 0 | AA83: =H83-I83 -> 0 | AB83: =R83-H83 -> 0
S84: SEZÓNNÍ BLOK | T84: PKD | V84: 7 | Y84: =COUNTIF(K:K,K84) -> 0 | AA84: =H84-I84 -> 0 | AB84: =R84-H84 -> 0
S85: SEZÓNNÍ BLOK | T85: PKD | V85: 7 | Y85: =COUNTIF(K:K,K85) -> 0 | AA85: =H85-I85 -> 0 | AB85: =R85-H85 -> 0
S86: SEZÓNNÍ BLOK | T86: PKD | V86: 7 | Y86: =COUNTIF(K:K,K86) -> 0 | AA86: =H86-I86 -> 0 | AB86: =R86-H86 -> 0
S87: SEZÓNNÍ BLOK | T87: PKD | V87: 8 | Y87: =COUNTIF(K:K,K87) -> 0 | AA87: =H87-I87 -> 0 | AB87: =R87-H87 -> 0
S88: SEZÓNNÍ BLOK | T88: PKD | V88: 8 | Y88: =COUNTIF(K:K,K88) -> 0 | AA88: =H88-I88 -> 0 | AB88: =R88-H88 -> 0
S89: SEZÓNNÍ BLOK | T89: PKD | V89: 8 | Y89: =COUNTIF(K:K,K89) -> 0 | AA89: =H89-I89 -> 0 | AB89: =R89-H89 -> 0
S90: SEZÓNNÍ BLOK | T90: PKD | V90: 8 | Y90: =COUNTIF(K:K,K90) -> 0 | AA90: =H90-I90 -> 0 | AB90: =R90-H90 -> 0
S91: SEZÓNNÍ BLOK | T91: PKD | V91: 8 | Y91: =COUNTIF(K:K,K91) -> 0 | AA91: =H91-I91 -> 0 | AB91: =R91-H91 -> 0
S92: SEZÓNNÍ BLOK | T92: PKD | V92: 8 | Y92: =COUNTIF(K:K,K92) -> 0 | AA92: =H92-I92 -> 0 | AB92: =R92-H92 -> 0
D93: cancel page 8 | S93: SEZÓNNÍ BLOK | T93: PKD | V93: 8 | Y93: =COUNTIF(K:K,K93) -> 0 | AA93: =H93-I93 -> 0 | AB93: =R93-H93 -> 0
S94: SEZÓNNÍ BLOK | T94: PKD | V94: 8 | Y94: =COUNTIF(K:K,K94) -> 0 | AA94: =H94-I94 -> 0 | AB94: =R94-H94 -> 0
S95: SEZÓNNÍ BLOK | T95: PKD | V95: 8 | Y95: =COUNTIF(K:K,K95) -> 0 | AA95: =H95-I95 -> 0 | AB95: =R95-H95 -> 0
S96: SEZÓNNÍ BLOK | T96: PKD | V96: 8 | Y96: =COUNTIF(K:K,K96) -> 0 | AA96: =H96-I96 -> 0 | AB96: =R96-H96 -> 0
S97: SEZÓNNÍ BLOK | T97: PKD | V97: 8 | Y97: =COUNTIF(K:K,K97) -> 0 | AA97: =H97-I97 -> 0 | AB97: =R97-H97 -> 0
S98: SEZÓNNÍ BLOK | T98: PKD | V98: 8 | Y98: =COUNTIF(K:K,K98) -> 0 | AA98: =H98-I98 -> 0 | AB98: =R98-H98 -> 0
S99: SEZÓNNÍ BLOK | T99: PKD | V99: 9 | Y99: =COUNTIF(K:K,K99) -> 0 | AA99: =H99-I99 -> 0 | AB99: =R99-H99 -> 0
S100: SEZÓNNÍ BLOK | T100: PKD | V100: 9 | Y100: =COUNTIF(K:K,K100) -> 0 | AA100: =H100-I100 -> 0 | AB100: =R100-H100 -> 0
...
